{
	"products" : [
		{
			"name" : "Crazy Feelings Des. Colônia Boticollection",
			"price" : "137.95",
			"options" : [
				{ "Size" : "Small,Medium,Large" }
			],
			"image" : "https://boticario.vteximg.com.br/arquivos/ids/195945/Crazy_Feelings_Desodorante_Colonia_Boticollection_100ml_71877_frontal.jpg?v=636760814659370000",
			"description" : "This is a very awesome grey T-shirt"
		},
		{
			"name" : "Kit Presente Elysee Natal",
			"price" : "275.90",
			"options" : [
				{ "Size" : "Small,Medium,Large" },
				{ "Color" : "Blue,Red" },
			    { "OneOfAKind" : true }
			],
			"image" : "https://boticario.vteximg.com.br/arquivos/ids/195989/Kit_Presente_Elysee_Natal_72980_frontal.jpg?v=636760921151200000",
			"description" : "This is a really cool blue T-shirt"
		},
		{
			"name" : "Kit Presente Lily Natal",
			"price" : "269.0",
			"options" : [
				{ "Size" : "Small,Medium,Large" }
			],
			"image" : "https://boticario.vteximg.com.br/arquivos/ids/195985/Kit_Presente_Lily_Natal_72977_frontal.jpg?v=636760836451370000",
			"description" : "This is another fun grey T-shirt"
		},
		{
			"name" : "Kit Presente Coffee Woman Seduction Natal",
			"price" : "179.90",
			"options" : [
				{ "Size" : "Small,Medium,Large" }
			],
			"image" : "https://boticario.vteximg.com.br/arquivos/ids/196072/Kit_Presente_Coffee_Woman_Seduction_Natal_72976_frontal.jpg?v=636761726877670000",
			"description" : "This is another fun grey T-shirt"
		},
		{
			"name" : "Combo Egeo Red: Des. Colônia + Antitranspirante Aerosol",
			"price" : "269.0",
			"options" : [
				{ "Size" : "Small,Medium,Large" }
			],
			"image" : "https://boticario.vteximg.com.br/arquivos/ids/192650-500-500/Combo_Egeo_Red_Des_Colonia_Antitranspirante_Aerosol_90420185_frontal.jpg?v=636585244165570000",
			"description" : "This is another fun grey T-shirt"
		}
	]
}
